,Trade Value,Trade Value,Trade Value,Trade Value,Quantity,Quantity,Price,Price,Price,Price,Trade Date,Trade Date
,sum,count,mean,std,sum,mean,min,max,mean,std,min,max
Symbol,,,,,,,,,,,,
AARTIDRUGS,1373561.25,111,12374.43,16862.07,3480,31.35,336.85,470.4,393.7,36.79,2023-03-24,2023-05-12
AARTIPHARM,710.6,2,355.3,1.41,2,1.0,354.3,356.3,355.3,1.41,2023-05-23,2023-05-23
ABB,416012.9,18,23111.83,19608.53,144,8.0,2884.0,2893.8,2889.95,4.62,2023-02-01,2023-02-01
ABCAPITAL,3934.45,4,983.61,942.39,22,5.5,167.2,180.0,173.72,7.22,2023-04-28,2023-06-19
ABFRL,224083.6,7,32011.94,37324.32,1020,145.71,218.25,220.05,219.59,0.66,2023-04-10,2023-04-10
ADANIENT,670409.8,10,67040.98,53171.09,210,21.0,2944.9,3317.05,3131.74,192.36,2023-01-27,2023-01-31
ADANIGREEN,247095.0,7,35299.29,48361.78,114,16.29,2160.0,2175.0,2162.14,5.67,2023-01-17,2023-01-17
ADANIPORTS,370230.45,18,20568.36,21414.36,538,29.89,582.65,771.75,683.57,83.68,2023-01-23,2023-03-06
ADANITRANS,496541.3,9,55171.26,56912.79,182,20.22,2728.0,2728.8,2728.29,0.3,2023-01-17,2023-01-17
ADORWELD,133907.75,21,6376.56,5171.28,110,5.24,1215.6,1219.4,1217.58,1.74,2023-06-07,2023-06-07
ADSL,211878.1,19,11151.48,22044.79,1920,101.05,109.1,111.45,109.59,0.81,2023-06-28,2023-06-28
AEGISCHEM,375856.3,34,11054.6,27183.04,962,28.29,390.0,401.5,391.28,2.49,2023-03-23,2023-05-09
AETHER,455825.8,6,75970.97,82203.11,420,70.0,1019.4,1089.1,1076.7,28.12,2023-06-21,2023-06-21
AIAENG,55523.85,5,11104.77,10394.09,20,4.0,2772.5,2780.25,2775.58,4.06,2023-03-10,2023-03-10
AJANTPHARM,148608.2,28,5307.44,4809.3,126,4.5,1167.0,1199.85,1180.6,13.97,2023-03-08,2023-03-27
ALICON,142778.0,16,8923.62,13270.18,180,11.25,791.95,794.75,793.3,1.1,2023-06-08,2023-06-08
ALKEM,6960.45,2,3480.23,5.76,2,1.0,3476.15,3484.3,3480.23,5.76,2023-04-28,2023-04-28
ALKYLAMINE,10177.0,4,2544.25,36.81,4,1.0,2495.0,2583.95,2544.25,36.81,2023-05-02,2023-05-03
ALLCARGO,10306.4,5,2061.28,653.83,32,6.4,287.2,380.7,324.3,50.47,2023-03-13,2023-07-07
AMBER,3860.05,2,1930.02,2.86,2,1.0,1928.0,1932.05,1930.02,2.86,2023-05-16,2023-05-16
AMBUJACEM,868578.75,63,13786.96,28296.79,2180,34.6,362.7,440.0,415.62,29.89,2023-02-10,2023-06-28
AMIORG,120227.7,12,10018.98,13640.15,100,8.33,1195.1,1209.0,1201.08,6.93,2023-05-23,2023-05-23
ANGELONE,1955668.35,85,23007.86,35055.64,1550,18.24,1083.55,1772.95,1281.78,220.87,2023-03-03,2023-07-04
ANUP,16824.7,4,4206.18,971.55,10,2.5,1675.0,1690.0,1682.48,8.63,2023-06-19,2023-06-19
ANURAS,1784125.55,48,37169.28,48012.4,1640,34.17,1059.0,1126.75,1092.65,32.24,2023-04-17,2023-04-25
APCOTEXIND,1013.25,2,506.62,5.13,2,1.0,503.0,510.25,506.62,5.13,2023-05-23,2023-05-23
APLLTD,334766.65,16,20922.92,22146.08,570,35.62,522.4,591.0,580.69,22.52,2023-04-13,2023-06-08
APOLLOTYRE,1224875.2,29,42237.08,69841.47,3180,109.66,331.7,393.4,380.01,24.65,2023-04-18,2023-05-26
APTUS,336879.7,26,12956.91,30524.84,1322,50.85,253.6,259.95,255.14,1.1,2023-03-13,2023-05-03
ARTEMISMED,2230.0,3,743.33,343.78,20,6.67,111.1,111.9,111.37,0.46,2023-06-26,2023-06-26
ARVIND,1407992.15,62,22709.55,46614.63,11604,187.16,119.65,122.3,121.15,1.07,2023-05-19,2023-05-19
ASAHIINDIA,192741.5,27,7138.57,12021.3,360,13.33,534.1,536.5,534.92,0.91,2023-07-07,2023-07-07
ASHIANA,20172.5,4,5043.12,4402.3,100,25.0,200.25,203.2,202.46,1.47,2023-07-07,2023-07-07
ASTERDM,712397.55,45,15831.06,20595.85,2360,52.44,286.0,326.0,300.89,18.8,2023-06-07,2023-07-07
ASTRAL,649634.1,38,17095.63,29006.61,398,10.47,1432.15,2031.9,1717.34,290.45,2023-01-24,2023-08-01
AUBANK,872409.8,70,12463.0,16904.3,1350,19.29,613.8,773.0,640.82,49.18,2023-01-27,2023-06-08
AUROPHARMA,1167149.75,73,15988.35,26008.03,2550,34.93,420.0,469.85,460.74,15.33,2023-02-01,2023-03-15
BAJAJHLDNG,11692.95,2,5846.48,15.17,2,1.0,5835.75,5857.2,5846.48,15.17,2023-01-12,2023-01-12
BALKRISIND,339110.8,16,21194.42,46374.67,170,10.62,1990.5,1999.0,1991.07,2.11,2023-03-22,2023-03-22
BALRAMCHIN,563519.1,31,18178.04,23961.44,1402,45.23,384.05,425.4,400.87,7.85,2023-04-17,2023-06-22
BANDHANBNK,543367.75,15,36224.52,37748.55,2460,164.0,206.95,248.0,219.84,17.58,2023-01-06,2023-03-22
BANKBARODA,301800.0,6,50300.0,28193.75,1800,300.0,165.0,168.65,167.67,1.4,2023-02-13,2023-02-17
BANKINDIA,751031.0,21,35763.38,60387.67,10098,480.86,71.35,81.45,74.69,3.35,2023-02-09,2023-03-29
BAYERCROP,180678.15,7,25811.16,31215.88,40,5.71,4510.0,4524.0,4521.89,5.25,2023-07-04,2023-07-04
BBL,5874.8,2,2937.4,11.88,2,1.0,2929.0,2945.8,2937.4,11.88,2023-05-22,2023-05-22
BCG,729000.0,15,48600.0,61786.56,40000,2666.67,18.1,18.35,18.15,0.07,2023-03-20,2023-03-20
BDL,920239.8,47,19579.57,24971.29,956,20.34,794.0,1091.2,959.45,78.63,2023-02-15,2023-05-17
BEL,11645.0,2,5822.5,137.89,100,50.0,114.5,118.4,116.45,2.76,2023-06-05,2023-06-05
BEML,467947.85,31,15095.09,20330.98,330,10.65,1407.8,1427.9,1418.99,7.07,2023-05-08,2023-05-08
BEPL,29209.2,3,9736.4,8306.09,202,67.33,143.85,145.35,144.85,0.87,2023-05-26,2023-05-26
BERGEPAINT,230010.35,19,12105.81,17494.2,418,22.0,549.85,550.7,550.31,0.38,2023-01-31,2023-01-31
BFUTILITIE,465544.2,36,12931.78,34430.33,1180,32.78,393.15,398.55,395.41,1.19,2023-07-05,2023-07-05
BHARATFORG,485179.5,26,18660.75,20881.2,574,22.08,774.7,870.8,853.62,34.02,2023-01-04,2023-03-23
BHARATGEAR,257.7,2,128.85,1.77,2,1.0,127.6,130.1,128.85,1.77,2023-05-24,2023-05-24
BHARATWIRE,708093.7,80,8851.17,15213.3,4122,51.52,159.45,185.9,172.69,11.77,2023-05-23,2023-06-28
BHEL,1494737.9,29,51542.69,67461.99,18004,620.83,75.1,87.45,83.64,5.32,2023-02-07,2023-05-04
BIOCON,244023.4,14,17430.24,24159.21,1048,74.86,232.1,233.6,232.93,0.74,2023-01-30,2023-01-30
BORORENEW,623739.9,51,12230.19,24038.41,1244,24.39,466.0,522.15,494.57,27.04,2023-02-20,2023-04-25
BPCL,606914.6,32,18966.08,23814.2,1724,53.88,339.45,369.1,352.85,12.52,2023-01-12,2023-05-23
BRIGADE,43766.5,8,5470.81,2110.21,80,10.0,546.35,547.65,547.09,0.54,2023-05-15,2023-05-15
BSE,1187481.85,56,21205.03,28072.13,2310,41.25,483.3,573.65,521.9,30.03,2023-04-25,2023-06-01
BSOFT,8549.5,2,4274.75,1.77,20,10.0,427.35,427.6,427.48,0.18,2023-08-03,2023-08-03
CANBK,577526.75,14,41251.91,52014.88,1742,124.43,306.65,337.75,329.2,11.35,2023-01-03,2023-04-26
CANFINHOME,351962.8,20,17598.14,18130.18,640,32.0,541.4,791.0,567.04,76.54,2023-03-22,2023-07-03
CAPLIPOINT,327073.65,15,21804.91,30151.59,400,26.67,816.5,818.9,817.18,1.03,2023-06-08,2023-06-08
CARBORUNIV,508699.75,39,13043.58,25656.95,462,11.85,1058.0,1257.45,1133.33,95.16,2023-04-24,2023-06-16
CAREERP,393828.45,54,7293.12,17409.14,1820,33.7,212.0,220.75,218.75,3.25,2023-07-04,2023-07-04
CDSL,103485.0,3,34495.0,24735.48,100,33.33,1031.0,1038.7,1033.57,4.45,2023-06-15,2023-06-15
CEATLTD,679833.35,30,22661.11,30438.76,440,14.67,1490.0,1606.8,1536.35,49.45,2023-04-28,2023-05-03
CENTURYTEX,98009.7,17,5765.28,3722.33,160,9.41,611.55,613.45,612.52,0.85,2023-03-27,2023-03-27
CGCL,65621.15,13,5047.78,7276.68,92,7.08,700.0,766.4,738.05,31.29,2023-02-22,2023-06-12
CGPOWER,236301.1,38,6218.45,10294.36,800,21.05,294.7,296.1,295.95,0.37,2023-03-21,2023-03-21
CHALET,111668.05,36,3101.89,2321.53,302,8.39,369.2,398.85,371.04,6.53,2023-03-23,2023-05-09
CHEMPLASTS,272987.55,64,4265.43,6728.62,730,11.41,357.8,468.3,384.07,35.9,2023-03-03,2023-06-09
CHOLAFIN,310723.65,21,14796.36,24373.89,438,20.86,696.3,715.4,707.29,9.3,2023-01-19,2023-01-23
CIPLA,409150.0,9,45461.11,58656.73,400,44.44,1020.75,1025.0,1021.69,1.87,2023-01-31,2023-01-31
CLEAN,2887.6,2,1443.8,6.58,2,1.0,1439.15,1448.45,1443.8,6.58,2023-03-13,2023-03-13
CMSINFO,652.35,2,326.18,2.37,2,1.0,324.5,327.85,326.18,2.37,2023-05-26,2023-05-26
COCHINSHIP,525397.3,18,29188.74,40991.92,900,50.0,579.0,588.75,584.89,4.78,2023-06-16,2023-06-16
COFORGE,321028.35,6,53504.72,55950.83,80,13.33,4008.05,4017.5,4010.02,3.74,2023-01-03,2023-01-03
COROMANDEL,50370.2,10,5037.02,7485.3,56,5.6,898.75,900.1,898.96,0.41,2023-02-22,2023-02-22
CREDITACC,1851750.4,138,13418.48,32742.18,1600,11.59,981.1,1266.0,1141.15,119.5,2023-04-18,2023-07-06
CROMPTON,1091149.0,43,25375.56,33160.41,3908,90.88,254.35,340.25,288.42,39.77,2023-01-12,2023-05-24
CUMMINSIND,355017.3,18,19723.18,19378.5,224,12.44,1397.45,1719.2,1590.99,115.4,2023-01-03,2023-05-26
CYIENT,163472.8,15,10898.19,13723.7,152,10.13,933.05,1477.0,1215.09,221.98,2023-02-20,2023-06-27
DABUR,611556.8,45,13590.15,20325.46,1096,24.36,549.0,572.8,558.74,9.43,2023-01-05,2023-01-31
DALBHARAT,534728.65,38,14071.81,16086.57,296,7.79,1753.65,2222.95,1796.18,110.75,2023-02-02,2023-06-27
DBL,363166.7,23,15789.86,15036.25,1902,82.7,179.4,248.3,188.84,22.41,2023-03-28,2023-06-21
DCMNVL,34422.25,16,2151.39,2557.5,200,12.5,170.65,173.55,171.62,1.31,2023-06-13,2023-06-13
DCMSHRIRAM,291345.4,19,15333.97,28475.69,320,16.84,893.2,924.25,915.21,13.57,2023-06-23,2023-06-23
DEEPAKFERT,687177.95,31,22167.03,23865.82,1170,37.74,567.05,662.25,591.89,28.33,2023-03-09,2023-07-06
DEEPAKNTR,222401.45,13,17107.8,13341.94,116,8.92,1827.95,1950.4,1920.07,50.94,2023-01-12,2023-03-09
DEEPINDS,401258.25,54,7430.71,21454.31,2220,41.11,179.9,181.95,181.28,0.83,2023-07-03,2023-07-03
DELHIVERY,404180.0,24,16840.83,18850.8,1020,42.5,396.1,396.9,396.28,0.2,2023-07-04,2023-07-04
DIXON,824174.55,29,28419.81,30522.51,274,9.45,2728.95,3082.05,3004.74,103.95,2023-02-27,2023-05-17
DLF,127044.5,10,12704.45,11632.73,260,26.0,484.1,494.5,488.63,3.09,2023-06-05,2023-06-27
DMCC,1385421.55,97,14282.7,27007.36,4510,46.49,284.0,318.0,299.72,13.81,2023-06-22,2023-06-22
DPWIRES,364304.6,61,5972.21,16138.04,802,13.15,451.05,457.8,454.41,3.07,2023-06-02,2023-06-02
DREAMFOLKS,313298.75,41,7641.43,8736.26,522,12.73,573.55,602.6,598.98,5.97,2023-05-26,2023-05-31
DREDGECORP,1510867.9,311,4858.1,9558.97,4190,13.47,351.5,367.0,360.72,3.95,2023-07-05,2023-07-06
DRREDDY,9855.95,2,4927.98,8.03,2,1.0,4922.3,4933.65,4927.98,8.03,2023-06-23,2023-06-23
DYCL,2465850.85,350,7045.29,13397.45,10006,28.59,194.7,320.1,253.82,35.54,2023-05-24,2023-06-19
EDELWEISS,104320.0,4,26080.0,28996.0,1600,400.0,65.1,65.3,65.25,0.1,2023-05-25,2023-05-25
EICHERMOT,246199.2,6,41033.2,46927.6,78,13.0,3152.8,3160.0,3156.4,3.94,2023-01-16,2023-01-16
EIHOTEL,282281.4,16,17642.59,22889.86,1502,93.88,187.0,188.9,187.82,0.89,2023-05-02,2023-05-02
EKC,102439.95,10,10244.0,10971.78,820,82.0,124.7,125.2,124.91,0.22,2023-06-27,2023-06-27
ELECON,418696.85,21,19937.95,24457.21,660,31.43,632.05,636.75,634.5,1.88,2023-07-05,2023-07-05
ELGIEQUIP,160666.85,37,4342.35,6681.26,362,9.78,436.55,482.1,446.99,12.72,2023-02-15,2023-03-13
ELIN,98852.25,16,6178.27,5633.46,640,40.0,153.95,155.0,154.45,0.5,2023-05-29,2023-05-29
ENDURANCE,187836.45,26,7224.48,5402.3,120,4.62,1560.6,1570.65,1564.95,4.76,2023-06-14,2023-06-14
ENGINERSIN,165628.7,16,10351.79,10035.01,1822,113.88,73.5,106.0,97.1,14.05,2023-03-02,2023-05-24
EPL,236757.4,15,15783.83,19167.6,1120,74.67,160.65,218.8,197.52,26.75,2023-04-06,2023-06-28
EQUITASBNK,227102.6,20,11355.13,10965.41,2936,146.8,68.6,85.7,76.82,7.92,2023-02-27,2023-05-29
ESCORTS,4045.4,2,2022.7,1.77,2,1.0,2021.45,2023.95,2022.7,1.77,2023-05-04,2023-05-04
FDC,1186607.6,35,33903.07,60698.45,3772,107.77,312.1,318.6,314.95,2.56,2023-06-12,2023-06-12
FEDERALBNK,2698.0,2,1349.0,3.54,20,10.0,134.65,135.15,134.9,0.35,2023-07-06,2023-07-06
FINCABLES,2090102.3,109,19175.25,27243.12,2528,23.19,674.8,1009.0,816.42,56.07,2023-02-23,2023-08-03
FINOLEXIND,307202.65,15,20480.18,23928.34,1800,120.0,167.1,178.1,172.06,5.1,2023-03-21,2023-06-15
FINOPB,202103.65,43,4700.08,4186.55,720,16.74,279.55,281.95,280.79,1.07,2023-07-11,2023-07-11
FMGOETZE,665.85,2,332.92,0.39,2,1.0,332.65,333.2,332.92,0.39,2023-05-23,2023-05-23
FORTIS,336549.8,35,9615.71,22566.51,1280,36.57,260.7,275.75,262.1,4.2,2023-02-21,2023-03-28
FSL,362360.9,33,10980.63,23631.39,3220,97.58,112.0,131.8,113.46,4.61,2023-03-22,2023-06-21
GAEL,548.85,2,274.42,1.1,2,1.0,273.65,275.2,274.42,1.1,2023-04-25,2023-04-25
GAIL,562562.4,27,20835.64,24927.25,5668,209.93,95.2,111.65,97.9,4.66,2023-01-04,2023-03-08
GEPIL,490209.05,21,23343.29,34087.56,2940,140.0,165.5,167.5,166.81,0.68,2023-06-12,2023-06-12
GESHIP,450934.6,62,7273.14,13005.59,762,12.29,543.15,606.3,577.56,26.62,2023-03-01,2023-03-08
GHCL,416222.75,17,24483.69,45314.43,800,47.06,520.0,520.95,520.61,0.33,2023-06-21,2023-06-21
GICRE,511813.2,39,13123.42,14236.21,3212,82.36,143.2,180.95,165.4,13.07,2023-02-17,2023-05-25
GLAND,997299.85,49,20353.06,32488.81,774,15.8,1239.05,1382.9,1280.04,42.52,2023-02-03,2023-08-03
GLENMARK,22812.9,6,3802.15,4708.54,52,8.67,433.15,544.15,470.22,56.32,2023-01-04,2023-05-04
GNFC,12120.75,8,1515.09,1884.98,20,2.5,605.0,607.15,606.81,0.73,2023-07-06,2023-07-06
GOCOLORS,201382.1,33,6102.49,6157.45,204,6.18,980.05,1144.0,993.53,38.44,2023-02-17,2023-06-06
GODFRYPHLP,487284.1,21,23204.0,29250.69,280,13.33,1737.0,1756.3,1743.25,7.83,2023-02-28,2023-04-19
GODREJCP,319050.7,11,29004.61,45212.99,342,31.09,930.0,1045.95,953.79,44.07,2023-05-04,2023-05-26
GODREJPROP,553763.7,32,17305.12,38928.26,502,15.69,1100.35,1105.95,1104.94,2.01,2023-04-06,2023-04-06
GOKEX,19533.05,9,2170.34,1818.28,40,4.44,485.0,496.65,489.19,5.56,2023-06-20,2023-06-27
GPIL,260586.0,16,16286.62,14789.02,600,37.5,431.55,435.9,434.19,1.97,2023-06-13,2023-06-13
GPPL,1433509.35,107,13397.28,23549.55,12620,117.94,111.9,115.05,113.62,1.14,2023-03-15,2023-06-08
GRAPHITE,97404.45,4,24351.11,13278.28,250,62.5,388.3,390.8,389.59,1.37,2023-06-13,2023-06-13
GRASIM,306561.15,11,27869.2,33359.07,192,17.45,1587.0,1604.0,1593.15,5.66,2023-01-30,2023-03-10
GRAUWEIL,487356.15,44,11076.28,19878.43,4004,91.0,119.65,122.45,121.92,0.74,2023-05-26,2023-05-26
GRAVITA,7013.3,3,2337.77,1459.75,10,3.33,701.25,701.45,701.37,0.1,2023-08-10,2023-08-10
GREAVESCOT,2768.5,2,1384.25,3.18,20,10.0,138.2,138.65,138.43,0.32,2023-06-14,2023-06-14
GREENPANEL,901027.7,131,6878.07,16301.08,3060,23.36,276.7,344.95,290.27,16.29,2023-03-10,2023-06-13
GREENPLY,33340.0,5,6668.0,5849.64,200,40.0,166.1,167.3,166.34,0.54,2023-06-02,2023-06-02
GRINFRA,216735.95,20,10836.8,12502.89,200,10.0,993.05,1177.45,1137.29,73.39,2023-02-20,2023-03-23
GSFC,360175.05,14,25726.79,32821.3,2402,171.57,146.75,151.1,149.32,1.26,2023-04-26,2023-04-26
GSPL,767665.15,101,7600.65,11341.83,2870,28.42,259.05,280.9,267.46,7.34,2023-01-09,2023-03-23
GUJGASLTD,51827.15,4,12956.79,13239.85,100,25.0,516.2,520.35,519.28,2.05,2023-03-06,2023-03-06
HAL,1704200.95,29,58765.55,82871.02,632,21.79,2524.0,3823.75,2732.01,314.38,2023-01-31,2023-06-23
HAPPSTMNDS,54937.6,4,13734.4,8434.43,64,16.0,853.2,863.6,858.4,6.0,2023-02-28,2023-02-28
HARDWYN,1818777.0,60,30312.95,52983.98,3002,50.03,599.0,617.25,605.38,4.93,2023-06-02,2023-06-02
HARSHA,9095.5,2,4547.75,16.62,20,10.0,453.6,455.95,454.78,1.66,2023-06-21,2023-06-21
HBLPOWER,2660774.3,78,34112.49,45781.77,17820,228.46,148.2,150.4,149.2,0.72,2023-06-13,2023-06-13
HCLTECH,250643.75,8,31330.47,25420.97,226,28.25,1108.1,1110.0,1109.04,1.0,2023-01-17,2023-01-17
HDFC,233871.4,10,23387.14,16416.66,86,8.6,2717.0,2721.9,2720.42,2.36,2023-01-20,2023-01-20
HDFCAMC,212715.05,11,19337.73,30125.36,112,10.18,1895.5,1903.15,1900.19,3.57,2023-05-30,2023-05-30
HDFCBANK,33218.5,2,16609.25,48.44,20,10.0,1657.5,1664.35,1660.92,4.84,2023-02-08,2023-02-08
HDFCLIFE,293745.15,14,20981.8,23950.66,538,38.43,514.55,603.55,565.15,44.91,2023-01-04,2023-02-13
HEG,639437.15,38,16827.29,24275.96,472,12.42,1008.1,1441.2,1316.31,151.31,2023-03-09,2023-06-15
HERITGFOOD,43425.0,6,7237.5,8368.82,200,33.33,216.6,217.65,216.78,0.43,2023-06-22,2023-06-22
HEROMOTOCO,225496.05,12,18791.34,21382.17,80,6.67,2776.0,3045.55,2874.03,125.55,2023-01-23,2023-08-08
HFCL,134348.95,10,13434.89,10716.09,2004,200.4,66.35,67.35,66.88,0.37,2023-05-04,2023-06-05
HIKAL,394806.25,47,8400.13,15037.54,1400,29.79,273.8,303.9,282.75,12.97,2023-03-16,2023-03-28
HIMATSEIDE,23219.9,4,5804.98,4615.59,200,50.0,115.35,116.9,116.48,0.75,2023-06-19,2023-06-19
HINDALCO,410615.5,17,24153.85,29895.19,1000,58.82,393.15,438.0,408.55,21.45,2023-02-13,2023-03-24
HINDCOPPER,51562.5,4,12890.62,6483.59,500,125.0,102.85,103.4,103.12,0.32,2023-03-09,2023-03-09
HINDOILEXP,4290.0,2,2145.0,12.73,20,10.0,213.6,215.4,214.5,1.27,2023-06-20,2023-06-20
HINDPETRO,394439.7,11,35858.15,40340.82,1600,145.45,246.15,246.9,246.42,0.37,2023-03-20,2023-03-20
HINDUNILVR,101356.4,4,25339.1,15063.74,40,10.0,2533.65,2534.2,2533.88,0.27,2023-02-20,2023-02-20
HINDWAREAP,115709.95,14,8265.0,7387.73,262,18.71,428.85,532.05,455.88,41.29,2023-05-25,2023-06-01
HOMEFIRST,626309.3,93,6734.51,7237.16,876,9.42,708.65,756.6,716.21,13.43,2023-02-23,2023-04-12
HUDCO,1303057.2,37,35217.76,42171.07,24204,654.16,48.1,59.5,53.63,4.71,2023-04-26,2023-06-01
IBREALEST,905152.35,38,23819.8,35717.76,13854,364.58,58.3,69.75,64.65,3.84,2023-02-15,2023-04-26
IBULHSGFIN,95900.0,7,13700.0,12374.1,870,124.29,106.3,127.95,116.43,8.67,2023-03-02,2023-07-05
ICICIGI,205638.0,14,14688.43,14100.74,170,12.14,1074.7,1265.55,1198.32,92.37,2023-03-24,2023-06-07
ICICIPRULI,329368.4,32,10292.76,17144.24,628,19.62,436.85,575.65,551.7,50.07,2023-02-15,2023-06-22
ICIL,1434367.65,81,17708.24,30986.3,7100,87.65,177.9,205.55,201.75,5.46,2023-06-01,2023-06-27
IDFC,108955.0,4,27238.75,19846.85,1400,350.0,77.35,78.3,77.59,0.48,2023-03-21,2023-03-21
IDFCFIRSTB,466042.4,7,66577.49,62171.44,7872,1124.57,56.95,59.95,58.74,1.18,2023-01-17,2023-04-18
IEX,514538.0,23,22371.22,28937.73,3602,156.61,140.85,150.7,144.57,4.39,2023-01-04,2023-04-10
IFBIND,471881.25,90,5243.12,10277.41,552,6.13,852.85,891.5,855.58,5.29,2023-04-19,2023-04-20
IGL,843348.3,38,22193.38,26613.67,1926,50.68,417.8,498.35,433.28,19.54,2023-01-04,2023-07-07
IIFL,633815.8,33,19206.54,48733.51,1220,36.97,456.6,523.4,514.71,14.0,2023-06-02,2023-06-16
INDHOTEL,215138.8,28,7683.53,14348.64,732,26.14,292.75,397.75,312.45,37.91,2023-01-30,2023-06-02
INDIACEM,373111.15,17,21947.71,23367.6,1870,110.0,196.95,214.65,201.35,5.12,2023-05-30,2023-07-07
INDIAMART,341335.25,14,24381.09,17611.89,74,5.29,4544.1,4774.1,4642.59,116.95,2023-01-20,2023-02-10
INDIANB,216609.05,12,18050.75,31966.83,740,61.67,290.0,320.2,301.17,13.45,2023-01-10,2023-07-10
INDIGO,769167.9,47,16365.27,20994.5,388,8.26,1836.4,2125.4,1995.72,103.53,2023-01-16,2023-04-17
INDNIPPON,480410.55,28,17157.52,43205.53,1070,38.21,435.8,458.1,443.02,7.15,2023-06-20,2023-06-20
INDOCO,605973.2,108,5610.86,8884.44,1720,15.93,331.65,376.45,347.21,18.89,2023-02-15,2023-06-15
INDUSINDBK,249642.45,9,27738.05,38486.21,202,22.44,1234.2,1237.45,1234.95,1.42,2023-01-17,2023-01-17
INDUSTOWER,2444082.15,68,35942.38,44800.76,16320,240.0,141.35,170.85,150.27,7.51,2023-02-24,2023-05-16
INFY,103887.35,5,20777.47,20978.12,68,13.6,1259.6,1539.0,1426.37,148.35,2023-01-19,2023-04-18
INGERRAND,1146760.45,84,13651.91,22668.37,412,4.9,2676.8,2806.0,2780.15,15.83,2023-04-13,2023-04-17
INOXWIND,206690.45,15,13779.36,23174.47,1440,96.0,142.8,154.35,145.16,3.67,2023-06-01,2023-06-27
INSECTICID,240623.6,55,4374.97,9230.46,520,9.45,462.0,463.8,462.95,0.78,2023-06-07,2023-06-07
IOLCP,238489.6,18,13249.42,28227.81,520,28.89,456.55,460.8,460.15,1.35,2023-05-26,2023-05-26
IONEXCHANG,97800.9,5,19560.18,15908.01,24,4.8,4017.0,4126.0,4063.59,56.61,2023-06-06,2023-06-06
IPCALAB,501657.75,60,8360.96,18836.83,610,10.17,791.4,873.0,804.17,27.06,2023-01-23,2023-03-27
IRCON,104285.05,13,8021.93,7420.15,1604,123.38,54.6,86.55,67.9,14.86,2023-03-02,2023-05-26
IRFC,263228.05,6,43871.34,49985.61,7720,1286.67,28.85,35.7,32.11,3.02,2023-03-06,2023-05-08
ISEC,549641.2,80,6870.52,14518.94,1200,15.0,457.3,458.75,458.31,0.49,2023-04-06,2023-04-06
ITC,500007.15,8,62500.89,79314.28,1150,143.75,385.05,441.1,419.87,28.51,2023-02-24,2023-05-25
ITDCEM,1198042.6,82,14610.28,20010.22,8400,102.44,141.5,143.8,142.86,0.79,2023-05-17,2023-05-17
JAIBALAJI,174.2,2,87.1,0.64,2,1.0,86.65,87.55,87.1,0.64,2023-05-22,2023-05-22
JAYAGROGN,414.15,2,207.08,0.11,2,1.0,207.0,207.15,207.08,0.11,2023-06-08,2023-06-08
JBMA,170362.75,14,12168.77,11065.91,298,21.29,563.3,637.45,576.58,25.12,2023-02-28,2023-03-29
JCHAC,127311.4,21,6062.45,6222.61,120,5.71,1058.9,1063.0,1060.37,1.74,2023-06-08,2023-06-08
JINDALSAW,479613.9,14,34258.14,39344.53,2200,157.14,215.45,219.25,217.21,1.19,2023-05-31,2023-05-31
JINDALSTEL,116834.15,11,10621.29,11901.56,200,18.18,579.0,589.35,584.64,5.4,2023-02-08,2023-02-08
JINDRILL,602785.15,180,3348.81,6950.29,1704,9.47,290.7,355.8,353.16,6.71,2023-05-22,2023-07-06
JKLAKSHMI,269906.45,28,9639.52,9054.77,400,14.29,673.9,675.5,674.98,0.48,2023-03-16,2023-03-16
JSWENERGY,2318723.1,165,14052.87,26740.45,8804,53.36,228.5,314.1,262.53,15.15,2023-03-02,2023-07-07
JSWSTEEL,748552.4,18,41586.24,35626.11,980,54.44,762.2,766.3,763.76,1.83,2023-01-18,2023-01-18
JUBLFOOD,14452.5,4,3613.12,1671.31,30,7.5,431.3,506.85,469.6,42.12,2023-04-13,2023-07-04
JUBLINGREA,449085.05,29,15485.69,22997.84,992,34.21,398.6,472.45,454.11,24.74,2023-05-29,2023-06-28
JUBLPHARMA,94412.4,23,4104.89,3479.97,240,10.43,392.15,394.65,393.66,1.2,2023-06-16,2023-06-16
JUSTDIAL,1414.75,2,707.38,5.06,2,1.0,703.8,710.95,707.38,5.06,2023-05-26,2023-05-26
JWL,162771.35,10,16277.14,12109.98,1100,110.0,145.65,149.95,147.3,1.75,2023-06-15,2023-06-16
KALPATPOWR,5376.5,2,2688.25,9.19,10,5.0,536.35,538.95,537.65,1.84,2023-04-12,2023-04-12
KALYANKJIL,49917.0,3,16639.0,10150.24,420,140.0,118.7,119.0,118.8,0.17,2023-03-09,2023-03-09
KARURVYSYA,219511.15,6,36585.19,52887.49,1620,270.0,134.65,136.2,135.71,0.75,2023-07-05,2023-07-05
KEI,316078.65,5,63215.73,64118.42,162,32.4,1944.0,2352.0,2106.07,219.9,2023-05-05,2023-08-02
KNRCON,4983.5,3,1661.17,879.42,20,6.67,248.45,249.9,248.93,0.84,2023-07-06,2023-07-06
KOPRAN,1826694.8,192,9514.04,20946.3,11804,61.48,152.35,157.75,154.76,1.52,2023-05-30,2023-05-30
KOTAKBANK,200456.35,5,40091.27,41618.96,116,23.2,1723.0,1733.15,1729.08,5.55,2023-01-27,2023-01-27
KPITTECH,663559.45,28,23698.55,38075.04,728,26.0,871.25,1084.2,955.94,91.07,2023-03-21,2023-06-16
KRBL,817.0,2,408.5,5.02,2,1.0,404.95,412.05,408.5,5.02,2023-05-12,2023-05-12
KSCL,177632.2,19,9349.06,18884.13,340,17.89,520.1,523.65,522.32,1.53,2023-06-08,2023-06-09
L&TFH,370123.5,11,33647.59,27000.34,3612,328.36,95.85,119.85,103.01,10.62,2023-01-16,2023-06-15
LALPATHLAB,364535.3,17,21443.25,29864.51,180,10.59,2022.4,2028.0,2024.74,2.48,2023-02-02,2023-02-02
LAURUSLABS,652942.45,46,14194.4,12981.45,2126,46.22,304.15,308.2,306.89,1.51,2023-03-16,2023-03-16
LICHSGFIN,231420.7,24,9642.53,11130.45,600,25.0,384.15,387.3,386.1,1.5,2023-02-06,2023-02-06
LICI,219038.35,3,73012.78,52863.09,300,100.0,729.6,730.65,729.97,0.59,2023-01-05,2023-01-05
LODHA,180075.95,9,20008.44,27241.13,182,20.22,951.85,989.9,982.02,15.39,2023-04-19,2023-05-11
LOKESHMACH,110303.7,25,4412.15,4125.62,702,28.08,156.05,158.25,156.87,1.03,2023-05-23,2023-05-23
LT,1226714.3,29,42300.49,56464.34,548,18.9,2195.15,2271.0,2238.94,28.26,2023-02-13,2023-04-19
LTIM,497731.9,4,124432.98,95600.43,100,25.0,4975.25,4980.0,4978.55,2.25,2023-05-26,2023-05-26
LTTS,361313.3,6,60218.88,64705.29,100,16.67,3607.05,3619.3,3617.0,4.9,2023-04-27,2023-04-27
LUPIN,49654.4,6,8275.73,5255.15,74,12.33,669.2,672.8,671.59,1.83,2023-02-22,2023-02-22
LUXIND,1057326.6,91,11618.97,17352.91,762,8.37,1170.2,1529.0,1346.66,146.16,2023-03-01,2023-05-09
LXCHEM,233426.65,23,10148.98,18015.57,822,35.74,283.45,296.65,284.5,3.02,2023-04-20,2023-05-10
M&M,792812.15,44,18018.46,34088.78,606,13.77,1150.0,1370.25,1339.29,55.75,2023-01-10,2023-03-16
M&MFIN,939979.45,41,22926.33,31264.21,4094,99.85,225.5,259.35,230.68,8.22,2023-02-21,2023-03-31
MAHINDCIE,101472.35,15,6764.82,7813.56,248,16.53,394.7,424.2,408.65,15.02,2023-02-24,2023-03-06
MAHLIFE,264175.45,33,8005.32,22132.2,622,18.85,422.1,459.85,428.22,11.38,2023-05-29,2023-06-28
MAHLOG,104980.5,15,6998.7,12566.05,280,18.67,373.1,376.6,373.72,1.16,2023-06-16,2023-06-16
MAITHANALL,229797.55,6,38299.59,43898.66,220,36.67,1044.0,1045.85,1045.06,0.88,2023-07-05,2023-07-05
MANAKSIA,294.75,2,147.38,0.18,2,1.0,147.25,147.5,147.38,0.18,2023-05-25,2023-05-25
MANAPPURAM,216900.0,4,54225.0,41478.12,2000,500.0,108.1,108.8,108.62,0.35,2023-05-08,2023-05-08
MANINFRA,115306.2,20,5765.31,5173.07,1040,52.0,108.8,111.05,110.68,0.58,2023-06-13,2023-06-13
MANKIND,18177.5,2,9088.75,6.36,10,5.0,1816.85,1818.65,1817.75,1.27,2023-08-10,2023-08-10
MANYAVAR,125525.9,17,7383.88,9164.3,110,6.47,1094.6,1348.35,1198.59,126.91,2023-03-27,2023-06-15
MASTEK,1475563.6,42,35132.47,53383.39,824,19.62,1670.85,1821.9,1782.45,39.95,2023-02-28,2023-04-21
MAXHEALTH,169598.05,14,12114.15,16668.36,378,27.0,448.4,448.95,448.6,0.15,2023-01-13,2023-01-13
MAZDOCK,1293454.25,28,46194.79,61183.4,1208,43.14,664.0,1332.55,1105.74,260.7,2023-03-01,2023-07-03
MCX,119159.35,10,11915.94,17689.64,80,8.0,1487.95,1491.0,1489.42,1.5,2023-03-15,2023-03-15
MEDANTA,30043.25,15,2002.88,1624.73,50,3.33,598.75,603.0,599.88,1.94,2023-06-05,2023-06-05
MEDPLUS,1259454.15,109,11554.63,24738.05,1766,16.2,644.3,741.1,694.71,24.88,2023-02-27,2023-05-04
MENONBE,2964.2,4,741.05,713.24,22,5.5,132.85,136.6,133.85,1.84,2023-05-22,2023-05-22
METROBRAND,50048.85,12,4170.74,3318.18,60,5.0,827.75,840.4,835.19,6.43,2023-02-24,2023-02-24
METROPOLIS,209752.95,15,13983.53,20433.79,160,10.67,1279.0,1340.0,1293.96,18.25,2023-03-16,2023-06-15
MFL,594015.7,27,22000.58,47376.86,572,21.19,999.0,1045.0,1033.39,7.89,2023-06-06,2023-06-06
MFSL,329330.7,24,13722.11,13826.87,470,19.58,640.15,746.45,679.79,52.04,2023-01-06,2023-03-23
MGL,21306.75,3,7102.25,3072.44,20,6.67,1065.0,1065.7,1065.45,0.39,2023-07-03,2023-07-03
MHRIL,5978.5,2,2989.25,8.13,20,10.0,298.35,299.5,298.92,0.81,2023-07-07,2023-07-07
MMTC,62.15,2,31.08,0.25,2,1.0,30.9,31.25,31.08,0.25,2023-05-08,2023-05-08
MOTHERSON,92400.0,7,13200.0,18501.36,1400,200.0,65.8,66.2,66.14,0.15,2023-03-24,2023-03-24
MOTILALOFS,451464.55,41,11011.33,23780.28,720,17.56,602.6,684.45,634.84,37.34,2023-02-10,2023-03-31
MPHASIS,204397.9,15,13626.53,24630.73,102,6.8,2000.0,2009.95,2002.5,3.7,2023-01-09,2023-01-23
MRPL,117533.05,11,10684.82,10954.8,2000,181.82,58.65,58.9,58.8,0.12,2023-03-15,2023-03-15
MTARTECH,395439.1,23,17193.0,20460.51,202,8.78,1911.5,1963.95,1953.98,13.78,2023-05-09,2023-05-17
MUTHOOTFIN,20094.0,2,10047.0,31.11,20,10.0,1002.5,1006.9,1004.7,3.11,2023-02-08,2023-02-08
NATIONALUM,465403.2,7,66486.17,83402.29,5908,844.0,78.75,78.8,78.76,0.02,2023-02-13,2023-02-13
NAVINFLUOR,260491.35,11,23681.03,27596.65,62,5.64,4148.95,4285.0,4221.64,46.65,2023-02-16,2023-03-09
NAZARA,235371.7,26,9052.76,16046.54,426,16.38,507.85,578.2,544.3,25.94,2023-02-28,2023-05-15
NBCC,103500.0,7,14785.71,18865.53,3000,428.57,34.4,34.6,34.46,0.1,2023-03-23,2023-03-23
NCC,89977.5,3,29992.5,18662.78,900,300.0,99.95,100.0,99.97,0.03,2023-03-09,2023-03-09
NELCO,236526.3,23,10283.75,9749.42,320,13.91,735.95,742.75,739.08,3.0,2023-07-03,2023-07-03
NEOGEN,33631.75,5,6726.35,5816.14,20,4.0,1660.75,1702.4,1669.1,18.62,2023-06-26,2023-06-26
NETWORK18,177175.3,17,10422.08,15599.34,3000,176.47,58.95,59.15,59.06,0.08,2023-05-11,2023-05-11
NIACL,655361.15,45,14563.58,24467.46,5772,128.27,105.3,121.55,110.01,5.98,2023-02-17,2023-05-26
NIITLTD,1413583.55,30,47119.45,87190.16,3602,120.07,389.5,396.0,393.35,2.98,2023-05-19,2023-05-19
NMDC,2153.0,2,1076.5,1.41,20,10.0,107.55,107.75,107.65,0.14,2023-07-07,2023-07-07
NOVARTIND,166806.8,14,11914.77,22084.53,200,14.29,833.5,834.5,833.77,0.31,2023-07-04,2023-07-04
NSLNISP,614337.3,17,36137.49,55268.4,15002,882.47,40.35,41.45,41.01,0.49,2023-05-25,2023-05-25
NTPC,50184.5,2,25092.25,51.27,290,145.0,172.8,173.3,173.05,0.35,2023-02-27,2023-02-27
NUVOCO,119741.45,38,3151.09,3371.02,360,9.47,331.5,333.7,333.04,0.94,2023-03-21,2023-03-21
NYKAA,243668.0,24,10152.83,14327.65,1600,66.67,147.65,154.15,152.41,1.55,2023-02-13,2023-03-06
OBEROIRLTY,295057.65,13,22696.74,29059.34,350,26.92,842.9,843.1,843.01,0.06,2023-01-19,2023-01-19
OFSS,32035.5,3,10678.5,4900.18,10,3.33,3201.85,3205.25,3202.98,1.96,2023-03-21,2023-03-21
OLECTRA,2600371.45,101,25746.25,48662.2,3804,37.66,525.2,805.0,683.35,66.28,2023-02-27,2023-06-05
ONGC,99988.05,5,19997.61,19054.14,678,135.6,147.25,147.7,147.61,0.2,2023-02-13,2023-02-13
ORIENTCEM,3796.5,2,1898.25,20.86,20,10.0,188.35,191.3,189.82,2.09,2023-08-09,2023-08-09
PARAGMILK,100760.0,3,33586.67,20140.6,900,300.0,111.75,112.2,112.03,0.25,2023-06-16,2023-06-16
PARAS,12550.5,2,6275.25,6.72,20,10.0,627.05,628.0,627.52,0.67,2023-07-03,2023-07-03
PAYTM,653190.95,20,32659.55,32716.95,966,48.3,658.05,714.0,671.44,14.6,2023-02-09,2023-02-13
PCBL,464129.3,28,16576.05,26605.6,3602,128.64,123.5,145.6,135.47,10.67,2023-04-26,2023-06-13
PERSISTENT,243585.25,11,22144.11,33821.64,54,4.91,3964.05,4558.0,4367.55,224.39,2023-01-11,2023-04-18
PFC,598702.5,18,33261.25,25878.24,3420,190.0,145.1,201.5,176.96,24.8,2023-01-04,2023-06-12
PIIND,240070.45,10,24007.04,26839.86,80,8.0,2996.65,3004.45,2998.7,3.06,2023-02-06,2023-02-06
PNB,307350.0,10,30735.0,40719.79,6000,600.0,50.9,51.7,51.5,0.32,2023-02-10,2023-02-13
PNBHOUSING,127578.05,9,14175.34,17918.2,222,24.67,434.05,581.3,538.12,61.07,2023-02-10,2023-06-07
POCL,139384.7,19,7336.04,11369.71,320,16.84,434.1,436.9,434.93,1.06,2023-06-14,2023-06-14
POLICYBZR,1798654.9,97,18542.83,24373.86,3412,35.18,426.3,667.55,512.26,82.89,2023-02-01,2023-06-19
POLYCAB,674829.05,22,30674.05,27302.64,226,10.27,2732.8,3065.0,2974.36,136.89,2023-01-19,2023-02-02
POLYMED,427599.4,42,10180.94,20603.57,420,10.0,1014.0,1025.0,1017.67,3.59,2023-06-09,2023-06-09
POLYPLEX,12637.75,3,4212.58,2632.06,10,3.33,1263.1,1264.45,1263.55,0.78,2023-08-10,2023-08-10
POONAWALLA,115425.0,2,57712.5,147.79,380,190.0,303.2,304.3,303.75,0.78,2023-02-09,2023-02-09
POWERGRID,465901.1,24,19412.55,36422.17,2004,83.5,224.6,236.3,232.08,4.96,2023-03-27,2023-05-22
POWERINDIA,238549.4,29,8225.84,10554.12,64,2.21,3723.3,3736.3,3728.14,2.97,2023-05-09,2023-05-09
POWERMECH,215350.95,17,12667.7,9298.69,60,3.53,3571.25,3606.2,3595.84,15.52,2023-07-04,2023-07-04
PRAJIND,356066.25,13,27389.71,40702.92,890,68.46,398.95,402.65,400.55,1.52,2023-07-07,2023-07-07
PRECAM,1316814.65,108,12192.73,23345.41,7602,70.39,172.65,173.95,173.36,0.39,2023-05-17,2023-05-17
PRESTIGE,103624.85,23,4505.43,5411.9,220,9.57,462.9,546.3,470.37,23.37,2023-01-04,2023-06-12
PRINCEPIPE,224896.95,21,10709.38,10671.77,340,16.19,656.2,666.15,660.47,4.33,2023-06-12,2023-08-03
PRIVISCL,239771.75,58,4134.0,5435.65,250,4.31,958.2,960.05,958.92,0.49,2023-02-17,2023-02-17
PSB,63.15,2,31.58,0.18,2,1.0,31.45,31.7,31.58,0.18,2023-05-26,2023-05-26
QUESS,1123040.55,64,17547.51,33117.74,2802,43.78,392.4,412.0,400.89,8.71,2023-05-17,2023-05-29
RAILTEL,2669.5,2,1334.75,0.35,20,10.0,133.45,133.5,133.48,0.04,2023-06-27,2023-06-27
RAINBOW,1668.15,2,834.08,0.46,2,1.0,833.75,834.4,834.08,0.46,2023-05-12,2023-05-12
RAJESHEXPO,428953.8,54,7943.59,10698.12,668,12.37,630.55,732.8,646.29,34.41,2023-02-21,2023-03-20
RAJRATAN,16891.05,5,3378.21,1789.92,20,4.0,842.15,846.95,845.03,2.61,2023-06-26,2023-06-26
RAMCOCEM,238797.85,11,21708.9,37439.17,350,31.82,681.1,776.05,698.58,37.47,2023-02-07,2023-05-11
RATNAMANI,47907.9,10,4790.79,4857.77,22,2.2,2157.3,2197.95,2185.76,19.62,2023-02-21,2023-02-21
RAYMOND,524151.1,40,13103.78,12939.55,348,8.7,1287.35,1814.15,1530.15,169.02,2023-03-15,2023-07-10
RCF,392396.3,6,65399.38,100419.55,3622,603.67,108.1,110.75,109.44,1.04,2023-04-27,2023-06-27
RECLTD,1054223.95,59,17868.2,20051.89,8602,145.8,117.2,131.55,121.77,4.46,2023-02-01,2023-05-10
REDINGTON,97824.75,5,19564.95,18221.24,562,112.4,173.0,175.15,174.63,0.93,2023-05-25,2023-05-25
RENUKA,317372.5,10,31737.25,56651.1,7100,710.0,44.55,46.55,45.44,0.89,2023-03-23,2023-04-13
REPCOHOME,1781326.05,123,14482.33,28875.19,6420,52.2,274.55,279.9,276.81,1.09,2023-06-05,2023-06-05
REVATHI,145559.2,19,7661.01,8339.05,80,4.21,1810.0,1831.0,1823.37,8.1,2023-06-07,2023-06-07
RHIM,763954.15,105,7275.75,15108.61,1194,11.37,612.6,692.35,641.89,30.29,2023-02-16,2023-05-26
RKFORGE,303292.0,16,18955.75,22014.33,802,50.12,375.5,379.35,378.58,1.15,2023-05-29,2023-05-29
ROHLTD,99419.0,14,7101.36,7334.36,262,18.71,378.35,380.65,379.78,1.03,2023-05-25,2023-05-25
ROSSARI,68156.15,16,4259.76,2784.69,80,5.0,843.35,861.7,854.88,7.01,2023-06-23,2023-08-10
ROUTE,2814.0,2,1407.0,2.83,2,1.0,1405.0,1409.0,1407.0,2.83,2023-05-16,2023-05-16
RUPA,513.65,2,256.83,1.03,2,1.0,256.1,257.55,256.83,1.03,2023-05-30,2023-05-30
RVNL,1186738.8,54,21976.64,31355.32,11546,213.81,83.05,127.4,109.24,17.28,2023-04-24,2023-06-26
SAIL,104040.0,2,52020.0,84.85,1200,600.0,86.6,86.8,86.7,0.14,2023-01-04,2023-01-04
SAKSOFT,4829.5,2,2414.75,7.42,20,10.0,240.95,242.0,241.48,0.74,2023-06-01,2023-06-01
SALZERELEC,118518.9,18,6584.38,6754.08,320,17.78,369.2,371.7,370.45,1.22,2023-07-06,2023-07-06
SANSERA,62045.35,10,6204.54,3246.95,70,7.0,883.5,891.55,887.44,2.92,2023-06-22,2023-06-22
SBICARD,102260.2,6,17043.37,18623.06,130,21.67,786.5,786.75,786.69,0.1,2023-01-04,2023-01-04
SCHNEIDER,32491.0,5,6498.2,6921.72,120,24.0,190.05,287.1,248.24,52.67,2023-05-23,2023-08-01
SELAN,250708.55,64,3917.32,7405.27,800,12.5,312.0,315.0,313.34,1.32,2023-06-26,2023-06-26
SESHAPAPER,5695.0,2,2847.5,6.36,20,10.0,284.3,285.2,284.75,0.64,2023-07-07,2023-07-07
SHAKTIPUMP,12135.65,6,2022.61,2326.11,20,3.33,605.85,607.5,606.28,0.62,2023-06-19,2023-06-19
SHALBY,3593.9,3,1197.97,748.98,20,6.67,179.45,179.9,179.62,0.25,2023-07-06,2023-07-06
SHANTIGEAR,181398.4,25,7255.94,10464.1,380,15.2,475.65,478.0,476.94,0.86,2023-06-23,2023-06-23
SHARDACROP,343153.4,19,18060.71,38575.78,620,32.63,550.85,574.85,556.32,6.36,2023-06-07,2023-06-21
SHAREINDIA,2541.7,2,1270.85,10.82,2,1.0,1263.2,1278.5,1270.85,10.82,2023-05-22,2023-05-22
SHILPAMED,1677122.8,153,10961.59,25882.38,6628,43.32,230.6,292.0,243.36,18.17,2023-02-21,2023-06-20
SHOPERSTOP,530743.75,61,8700.72,25080.27,852,13.97,622.0,625.2,623.81,1.16,2023-04-06,2023-04-25
SHRIRAMFIN,98665.0,6,16444.17,18202.59,76,12.67,1293.75,1302.85,1301.11,3.61,2023-02-08,2023-02-08
SIEMENS,866451.4,23,37671.8,44134.97,258,11.22,3090.0,3584.55,3392.6,160.11,2023-01-20,2023-05-30
SIS,1110635.95,62,17913.48,44358.23,2950,47.58,372.05,419.0,379.68,9.63,2023-04-12,2023-06-14
SKFINDIA,475600.25,41,11600.01,18943.95,112,2.73,4224.0,4272.1,4259.21,18.95,2023-04-20,2023-04-20
SOLARINDS,116135.2,12,9677.93,8104.87,30,2.5,3826.1,3907.95,3883.45,25.23,2023-02-28,2023-03-01
SONACOMS,658362.6,51,12909.07,17262.32,1426,27.96,455.0,468.7,463.26,5.57,2023-02-02,2023-02-08
SONATSOFTW,390417.6,12,32534.8,33262.46,432,36.0,714.0,1040.15,858.38,132.89,2023-02-23,2023-06-09
SPARC,1235281.0,104,11877.7,25250.76,6290,60.48,176.8,211.25,196.57,11.77,2023-03-28,2023-06-26
SPECIALITY,4407.55,6,734.59,764.45,20,3.33,219.0,221.6,219.53,1.02,2023-08-08,2023-08-08
SRF,5074.85,2,2537.43,9.3,2,1.0,2530.85,2544.0,2537.43,9.3,2023-05-04,2023-05-04
SSWL,4265.5,3,1421.83,643.92,20,6.67,212.3,214.25,213.6,1.13,2023-07-10,2023-07-10
STAR,241598.0,20,12079.9,11929.42,620,31.0,369.65,406.15,382.98,15.54,2023-06-07,2023-06-07
STARCEMENT,247799.2,14,17699.94,24859.51,1700,121.43,145.35,146.0,145.62,0.18,2023-06-06,2023-06-06
STYLAMIND,1753095.35,112,15652.64,32641.5,1062,9.48,1639.25,1658.0,1649.81,5.35,2023-05-26,2023-05-26
SUDARSCHEM,449189.1,97,4630.82,7786.61,1200,12.37,373.35,375.0,374.0,0.57,2023-03-16,2023-03-16
SULA,1317171.1,85,15496.13,29020.91,2860,33.65,456.1,466.1,460.26,3.11,2023-06-09,2023-07-03
SUNPHARMA,224059.5,35,6401.7,11532.41,220,6.29,1001.45,1021.65,1020.29,4.49,2023-01-09,2023-02-08
SUNTV,434567.4,18,24142.63,50361.83,1000,55.56,434.05,435.25,435.05,0.27,2023-03-16,2023-03-16
SUPRAJIT,813.2,2,406.6,0.21,2,1.0,406.45,406.75,406.6,0.21,2023-05-23,2023-05-23
SURYAROSNI,431623.6,20,21581.18,26784.86,520,26.0,808.0,858.95,816.92,16.75,2023-06-06,2023-06-26
SWANENERGY,630711.4,31,20345.53,25200.07,2382,76.84,236.95,298.0,260.26,22.48,2023-03-10,2023-05-05
SYNGENE,113727.6,11,10338.87,10528.14,200,18.18,568.3,569.0,568.64,0.3,2023-02-09,2023-02-09
SYRMA,1307093.85,82,15940.17,26748.94,4004,48.83,322.5,334.6,325.04,2.63,2023-05-19,2023-05-22
TANLA,376776.35,22,17126.2,16455.36,480,21.82,783.05,787.8,784.29,1.84,2023-05-31,2023-05-31
TATACHEM,102100.0,5,20420.0,18135.87,100,20.0,1020.1,1021.9,1020.82,0.99,2023-02-09,2023-02-09
TATACOMM,2473.05,2,1236.53,3.5,2,1.0,1234.05,1239.0,1236.53,3.5,2023-04-20,2023-04-20
TATACONSUM,372272.5,12,31022.71,23241.5,460,38.33,767.75,865.0,815.31,48.62,2023-01-06,2023-06-26
TATAELXSI,15725.35,2,7862.68,17.15,2,1.0,7850.55,7874.8,7862.68,17.15,2023-06-08,2023-06-08
TATAMOTORS,705939.7,17,41525.86,33605.71,1666,98.0,386.55,445.4,423.03,23.12,2023-01-04,2023-02-03
TATAMTRDVR,385916.8,17,22700.99,37904.35,1702,100.12,214.55,420.3,269.61,87.81,2023-03-22,2023-08-01
TATAPOWER,208560.45,9,23173.38,19213.63,1020,113.33,184.2,205.15,200.27,9.04,2023-01-30,2023-03-28
TATASTEEL,326927.7,5,65385.54,29730.81,2844,568.8,111.35,116.6,114.6,2.6,2023-01-04,2023-02-08
TCI,125345.15,30,4178.17,4040.96,200,6.67,624.55,628.75,626.48,1.88,2023-03-20,2023-03-20
TCNSBRANDS,150655.4,12,12554.62,11184.31,310,25.83,482.45,495.05,485.12,3.2,2023-02-22,2023-03-08
TCS,266215.45,4,66553.86,46342.31,80,20.0,3327.4,3328.0,3327.84,0.29,2023-01-16,2023-01-16
TECHM,671244.25,22,30511.1,30488.42,602,27.36,1109.95,1117.7,1115.05,2.81,2023-05-26,2023-05-26
TEJASNET,982551.65,72,13646.55,17655.7,1492,20.72,612.7,734.0,658.39,39.68,2023-02-22,2023-06-27
TEXRAIL,112812.3,13,8677.87,8681.14,2002,154.0,56.05,56.65,56.3,0.3,2023-05-24,2023-05-24
THYROCARE,471541.55,44,10716.85,16064.24,900,20.45,519.75,528.45,522.72,3.85,2023-06-27,2023-06-27
TIINDIA,530267.25,42,12625.41,11223.15,210,5.0,2521.1,2529.7,2524.87,3.2,2023-03-24,2023-03-24
TIMKEN,132058.2,9,14673.13,17882.29,46,5.11,2861.0,2882.8,2873.46,9.09,2023-03-08,2023-03-08
TITAN,290244.5,6,48374.08,25136.5,120,20.0,2392.6,2471.7,2419.21,37.74,2023-01-19,2023-02-08
TORNTPHARM,106925.0,4,26731.25,21935.86,70,17.5,1527.1,1527.9,1527.7,0.4,2023-02-10,2023-02-10
TORNTPOWER,10088.5,3,3362.83,1543.6,20,6.67,504.1,504.75,504.32,0.38,2023-03-28,2023-03-28
TRIL,1474.0,2,737.0,9.19,20,10.0,73.05,74.35,73.7,0.92,2023-05-23,2023-05-23
TRITURBINE,2163643.0,141,15344.99,29639.78,6426,45.57,288.0,382.65,341.47,22.89,2023-02-15,2023-05-08
TRIVENI,111179.3,13,8552.25,7236.45,400,30.77,277.65,278.25,277.9,0.26,2023-02-15,2023-02-15
TTKPRESTIG,569087.7,90,6323.2,12885.75,800,8.89,707.55,715.55,711.45,2.98,2023-03-22,2023-05-08
TVSMOTOR,272100.45,8,34012.56,34995.34,226,28.25,1088.25,1234.0,1179.28,75.24,2023-03-06,2023-05-08
UCOBANK,334790.0,9,37198.89,52197.54,10200,1133.33,32.65,32.9,32.81,0.1,2023-01-03,2023-01-03
UJJIVANSFB,69.25,2,34.62,0.04,2,1.0,34.6,34.65,34.62,0.04,2023-05-26,2023-05-26
UNIONBANK,41636.0,2,20818.0,39.6,560,280.0,74.25,74.45,74.35,0.14,2023-03-06,2023-03-06
UNOMINDA,284855.3,69,4128.34,6210.13,620,8.99,459.0,460.1,459.42,0.31,2023-03-28,2023-03-28
UPL,633583.7,26,24368.6,28512.43,858,33.0,723.75,755.0,739.58,13.42,2023-01-18,2023-02-01
UTIAMC,357863.55,43,8322.41,14273.31,538,12.51,634.9,689.75,662.15,12.43,2023-02-21,2023-05-04
VAIBHAVGBL,50404.65,11,4582.24,5379.19,154,14.0,326.2,328.4,326.85,0.96,2023-02-24,2023-02-24
VBL,1692436.1,69,24528.06,29592.21,1224,17.74,806.9,1450.0,1357.6,110.2,2023-02-13,2023-08-02
VEDL,104769.0,4,26192.25,26992.28,338,84.5,280.9,311.85,296.69,17.4,2023-02-09,2023-05-17
VIJAYA,461092.65,56,8233.8,19014.34,1182,21.11,372.15,426.5,395.81,19.19,2023-03-02,2023-04-27
VINATIORGA,17585.95,8,2198.24,815.53,10,1.25,1757.35,1759.8,1758.3,1.2,2023-03-22,2023-03-22
VOLTAS,400122.35,14,28580.17,33086.6,484,34.57,790.5,908.25,843.54,44.35,2023-01-19,2023-02-23
WELCORP,38883.0,4,9720.75,7751.57,120,30.0,298.85,329.35,314.73,16.19,2023-07-10,2023-08-02
WELSPUNIND,188.5,2,94.25,0.07,2,1.0,94.2,94.3,94.25,0.07,2023-05-22,2023-05-22
YESBANK,102900.0,2,51450.0,424.26,6000,3000.0,17.05,17.25,17.15,0.14,2023-02-08,2023-02-08
ZEEL,216097.5,5,43219.5,54822.08,1120,224.0,185.6,193.15,190.13,4.0,2023-05-10,2023-07-06
ZENSARTECH,155732.35,18,8651.8,8873.51,554,30.78,274.9,290.4,281.25,5.31,2023-02-28,2023-03-06
ZOMATO,522397.5,18,29022.08,32542.4,9036,502.0,53.65,61.9,56.71,2.96,2023-01-11,2023-05-10
